,direction_of_running,stepphase_L1,stepphase_L2,stepphase_L3,stepphase_L4,stepphase_R1,stepphase_R2,stepphase_R3,stepphase_R4,ext-flex-dist_L1,ext-flex-dist_L2,ext-flex-dist_L3,ext-flex-dist_L4,ext-flex-dist_R1,ext-flex-dist_R2,ext-flex-dist_R3,ext-flex-dist_R4,ext-flex-phase_L1,ext-flex-phase_L2,ext-flex-phase_L3,ext-flex-phase_L4,ext-flex-phase_R1,ext-flex-phase_R2,ext-flex-phase_R3,ext-flex-phase_R4,body_speed_MMperS
0,RIGHT,b'nan',b'nan',b'nan',b'nan',b'nan',b'nan',b'nan',b'nan',0.0,0.0,0.0,0.0,0.0,0.0,0.0,0.0,,,,,,,,,0.0
1,RIGHT,b'nan',b'nan',b'nan',b'nan',b'nan',b'nan',b'nan',b'nan',,,,,,,,,,,,,,,,,
2,RIGHT,b'nan',b'nan',b'nan',b'nan',b'nan',b'nan',b'nan',b'nan',,,,,,,,,,,,,,,,,
3,RIGHT,b'nan',b'nan',b'nan',b'nan',b'nan',b'nan',b'nan',b'nan',,,,,,,,,,,,,,,,,
4,RIGHT,b'nan',b'nan',b'nan',b'nan',b'nan',b'nan',b'nan',b'nan',,,,,,,,,,,,,,,,,
5,RIGHT,b'nan',b'nan',b'nan',b'nan',b'nan',b'nan',b'nan',b'nan',,,,,,,,,,,,,,,,,
6,RIGHT,b'nan',b'nan',b'nan',b'nan',b'nan',b'nan',b'nan',b'nan',,,,,,,,,,,,,,,,,
7,RIGHT,b'nan',b'nan',b'nan',b'nan',b'nan',b'nan',b'nan',b'nan',,,,,,,,,,,,,,,,,
8,RIGHT,b'nan',b'nan',b'nan',b'nan',b'nan',b'nan',b'nan',b'nan',,,,,,,,,,,,,,,,,
9,RIGHT,b'nan',b'nan',b'nan',b'nan',b'nan',b'nan',b'nan',b'nan',,,,,,,,,,,,,,,,,
10,RIGHT,b'nan',b'nan',b'nan',b'nan',b'nan',b'nan',b'nan',b'nan',,,,,,,,,,,,,,,,,
11,RIGHT,b'nan',b'nan',b'nan',b'nan',b'nan',b'nan',b'nan',b'nan',,,,,,,,,,,,,,,,,
12,RIGHT,b'nan',b'nan',b'nan',b'nan',b'nan',b'nan',b'nan',b'nan',,,,,,,,,,,,,,,,,
13,RIGHT,b'nan',b'nan',b'nan',b'nan',b'nan',b'nan',b'nan',b'nan',,,,,,,,,,,,,,,,,
14,RIGHT,b'nan',b'nan',b'nan',b'nan',b'nan',b'nan',b'nan',b'nan',,,,,,,,,,,,,,,,,
15,RIGHT,b'nan',b'nan',b'nan',b'nan',b'nan',b'nan',b'nan',b'nan',,,,,,,,,,,,,,,,,
16,RIGHT,b'nan',b'nan',b'nan',b'nan',b'nan',b'nan',b'nan',b'nan',,,,,,,,,,,,,,,,,
17,RIGHT,b'nan',b'nan',b'nan',b'nan',b'nan',b'nan',b'nan',b'nan',,,,,,,,,,,,,,,,,
18,RIGHT,b'nan',b'nan',b'nan',b'nan',b'nan',b'nan',b'nan',b'nan',,,,,,,,,,,,,,,,,
19,RIGHT,b'nan',b'nan',b'nan',b'nan',b'nan',b'nan',b'nan',b'nan',,,,,,,,,,,,,,,,,
20,RIGHT,b'nan',b'nan',b'nan',b'nan',b'nan',b'nan',b'nan',b'nan',,,,,,,,,,,,,,,,,
21,RIGHT,b'nan',b'nan',b'nan',b'nan',b'nan',b'nan',b'nan',b'swing0001',,,,,,,,,,,,,,,,,
22,RIGHT,b'nan',b'nan',b'nan',b'nan',b'nan',b'nan',b'nan',b'swing0001',,,,,,,,,,,,,,,,,
23,RIGHT,b'nan',b'nan',b'nan',b'nan',b'stance0001',b'nan',b'nan',b'swing0001',,,,,,,,,,,,,,,,,
24,RIGHT,b'nan',b'nan',b'nan',b'swing0001',b'stance0001',b'nan',b'nan',b'swing0001',,,,,,,,,,,,,,,,,
25,RIGHT,b'nan',b'nan',b'nan',b'swing0001',b'stance0001',b'nan',b'nan',b'swing0001',,,,,,,,,,,,,,,,,
26,RIGHT,b'nan',b'nan',b'nan',b'swing0001',b'stance0001',b'nan',b'nan',b'swing0001',,,,,,,,,,,,,,,,,
27,RIGHT,b'stance0001',b'nan',b'nan',b'swing0001',b'stance0001',b'nan',b'nan',b'swing0001',,,,,,,,,,,,,,,,,
28,RIGHT,b'stance0001',b'nan',b'nan',b'swing0001',b'stance0001',b'swing0001',b'nan',b'swing0001',,,,,,,,,,,,,,,,,
29,RIGHT,b'stance0001',b'nan',b'nan',b'stance0001',b'stance0001',b'stance0001',b'nan',b'swing0001',,,,,,,,,,,,,,,,,
30,RIGHT,b'stance0001',b'nan',b'nan',b'swing0002',b'swing0001',b'stance0001',b'nan',b'swing0001',,,,,,,,,,,,,,,,,
31,RIGHT,b'stance0001',b'nan',b'nan',b'swing0002',b'stance0002',b'stance0001',b'nan',b'swing0001',,,,,,,,,,,,,,,,,
32,RIGHT,b'stance0001',b'nan',b'stance0001',b'stance0002',b'stance0002',b'stance0001',b'nan',b'swing0001',,,,,,,,,,,,,,,,,
33,RIGHT,b'stance0001',b'nan',b'stance0001',b'stance0002',b'stance0002',b'stance0001',b'nan',b'swing0001',,,,,,,,,,,,,,,,,
34,RIGHT,b'stance0001',b'nan',b'stance0001',b'stance0002',b'stance0002',b'stance0001',b'nan',b'swing0001',,,,,,,,,,,,,,,,,
35,RIGHT,b'stance0001',b'nan',b'stance0001',b'swing0003',b'stance0002',b'stance0001',b'nan',b'swing0001',,,,,,,,,,,,,,,,,
36,RIGHT,b'stance0001',b'nan',b'stance0001',b'stance0003',b'stance0002',b'stance0001',b'nan',b'swing0001',,,,,,,,,,,,,,,,,
37,RIGHT,b'stance0001',b'nan',b'stance0001',b'stance0003',b'stance0002',b'stance0001',b'nan',b'swing0001',,,,,,,,,,,,,,,,,
38,RIGHT,b'stance0001',b'nan',b'swing0001',b'swing0004',b'stance0002',b'stance0001',b'nan',b'swing0001',,,,,,,,,,,,,,,,,
39,RIGHT,b'stance0001',b'nan',b'stance0002',b'swing0004',b'stance0002',b'stance0001',b'nan',b'swing0001',,,,,,,,,,,,,,,,,
40,RIGHT,b'stance0001',b'nan',b'stance0002',b'swing0004',b'stance0002',b'stance0001',b'nan',b'swing0001',,,,,,,,,,,,,,,,,
41,RIGHT,b'stance0001',b'nan',b'stance0002',b'swing0004',b'stance0002',b'stance0001',b'nan',b'swing0001',,,,,,,,,,,,,,,,,
42,RIGHT,b'stance0001',b'nan',b'stance0002',b'swing0004',b'stance0002',b'stance0001',b'nan',b'swing0001',,,,,,,,,,,,,,,,,
43,RIGHT,b'stance0001',b'nan',b'stance0002',b'swing0004',b'stance0002',b'stance0001',b'nan',b'swing0001',,,,,,,,,,,,,,,,,
44,RIGHT,b'stance0001',b'nan',b'stance0002',b'swing0004',b'stance0002',b'stance0001',b'nan',b'swing0001',,,,,,,,,,,,,,,,,
45,RIGHT,b'stance0001',b'nan',b'stance0002',b'swing0004',b'stance0002',b'swing0002',b'nan',b'stance0001',,,,,,,,,,,,,,,,,
46,RIGHT,b'stance0001',b'nan',b'stance0002',b'swing0004',b'stance0002',b'swing0002',b'nan',b'stance0001',,,,,,,,,,,,,,,,,
47,RIGHT,b'stance0001',b'nan',b'stance0002',b'swing0004',b'stance0002',b'swing0002',b'nan',b'stance0001',,,,,,,,,,,,,,,,,
48,RIGHT,b'stance0001',b'nan',b'stance0002',b'swing0004',b'stance0002',b'swing0002',b'nan',b'stance0001',,,,,,,,,,,,,,,,,
49,RIGHT,b'stance0001',b'nan',b'stance0002',b'swing0004',b'swing0002',b'swing0002',b'nan',b'stance0001',,,,,,,,,,,,,,,,,
50,RIGHT,b'stance0001',b'nan',b'stance0002',b'swing0004',b'stance0003',b'swing0002',b'nan',b'stance0001',,,,,,,,,,,,,,,,,
51,RIGHT,b'stance0001',b'swing0001',b'stance0002',b'swing0004',b'stance0003',b'swing0002',b'nan',b'stance0001',,,,,,,,,,,,,,,,,
52,RIGHT,b'stance0001',b'swing0001',b'stance0002',b'swing0004',b'stance0003',b'stance0002',b'nan',b'stance0001',,,,,,,,,,,,,,,,,
53,RIGHT,b'stance0001',b'stance0001',b'stance0002',b'swing0004',b'stance0003',b'stance0002',b'nan',b'stance0001',,,,,,,,,,,,,,,,,
54,RIGHT,b'stance0001',b'stance0001',b'stance0002',b'swing0004',b'stance0003',b'stance0002',b'nan',b'stance0001',,,,,,,,,,,,,,,,,
55,RIGHT,b'stance0001',b'swing0002',b'stance0002',b'swing0004',b'stance0003',b'stance0002',b'nan',b'stance0001',,,,,,,,,,,,,,,,,
56,RIGHT,b'stance0001',b'swing0002',b'stance0002',b'swing0004',b'stance0003',b'stance0002',b'nan',b'stance0001',,,,,,,,,,,,,,,,,
57,RIGHT,b'stance0001',b'swing0002',b'stance0002',b'swing0004',b'stance0003',b'swing0003',b'nan',b'stance0001',,,,,,,,,,,,,,,,,
58,RIGHT,b'stance0001',b'swing0002',b'stance0002',b'swing0004',b'stance0003',b'swing0003',b'nan',b'stance0001',,,,,,,,,,,,,,,,,
59,RIGHT,b'stance0001',b'swing0002',b'stance0002',b'swing0004',b'stance0003',b'swing0003',b'nan',b'stance0001',,,,,,,,,,,,,,,,,
60,RIGHT,b'stance0001',b'swing0002',b'stance0002',b'swing0004',b'stance0003',b'swing0003',b'nan',b'stance0001',,,,,,,,,,,,,,,,,
61,RIGHT,b'stance0001',b'swing0002',b'stance0002',b'swing0004',b'stance0003',b'swing0003',b'swing0001',b'stance0001',,,,,,,,,,,,,,,,,
62,RIGHT,b'stance0001',b'swing0002',b'stance0002',b'swing0004',b'stance0003',b'swing0003',b'swing0001',b'stance0001',,,,,,,,,,,,,,,,,
63,RIGHT,b'stance0001',b'swing0002',b'stance0002',b'swing0004',b'stance0003',b'swing0003',b'swing0001',b'stance0001',,,,,,,,,,,,,,,,,
64,RIGHT,b'stance0001',b'swing0002',b'stance0002',b'swing0004',b'stance0003',b'swing0003',b'swing0001',b'stance0001',,,,,,,,,,,,,,,,,
65,RIGHT,b'stance0001',b'swing0002',b'stance0002',b'swing0004',b'stance0003',b'swing0003',b'swing0001',b'stance0001',,,,,,,,,,,,,,,,,
66,RIGHT,b'stance0001',b'swing0002',b'stance0002',b'swing0004',b'stance0003',b'swing0003',b'swing0001',b'stance0001',,,,,,,,,,,,,,,,,
67,RIGHT,b'stance0001',b'swing0002',b'stance0002',b'swing0004',b'stance0003',b'swing0003',b'swing0001',b'stance0001',,,,,,,,,,,,,,,,,
68,RIGHT,b'stance0001',b'swing0002',b'stance0002',b'stance0004',b'stance0003',b'swing0003',b'swing0001',b'stance0001',,,,,,,,,,,,,,,,,
69,RIGHT,b'stance0001',b'swing0002',b'stance0002',b'stance0004',b'stance0003',b'swing0003',b'swing0001',b'stance0001',,,,,,,,,,,,,,,,,
70,RIGHT,b'swing0001',b'swing0002',b'stance0002',b'stance0004',b'stance0003',b'swing0003',b'swing0001',b'stance0001',,,,,,,,,,,,,,,,,
71,RIGHT,b'swing0001',b'swing0002',b'stance0002',b'stance0004',b'stance0003',b'swing0003',b'swing0001',b'stance0001',,,,,,,,,,,,,,,,,
72,RIGHT,b'swing0001',b'swing0002',b'stance0002',b'stance0004',b'stance0003',b'swing0003',b'swing0001',b'stance0001',,,,,,,,,,,,,,,,,
73,RIGHT,b'swing0001',b'swing0002',b'stance0002',b'stance0004',b'stance0003',b'swing0003',b'swing0001',b'stance0001',,,,,,,,,,,,,,,,,
74,RIGHT,b'swing0001',b'swing0002',b'stance0002',b'stance0004',b'stance0003',b'swing0003',b'swing0001',b'stance0001',,,,,,,,,,,,,,,,,
75,RIGHT,b'swing0001',b'swing0002',b'stance0002',b'stance0004',b'stance0003',b'swing0003',b'swing0001',b'stance0001',,,,,,,,,,,,,,,,,
76,RIGHT,b'swing0001',b'swing0002',b'stance0002',b'stance0004',b'stance0003',b'swing0003',b'swing0001',b'stance0001',,,,,,,,,,,,,,,,,
77,RIGHT,b'swing0001',b'swing0002',b'swing0002',b'stance0004',b'stance0003',b'swing0003',b'swing0001',b'stance0001',,,,,,,,,,,,,,,,,
78,RIGHT,b'swing0001',b'swing0002',b'swing0002',b'stance0004',b'stance0003',b'swing0003',b'swing0001',b'swing0002',,,,,,,,,,,,,,,,,
79,RIGHT,b'swing0001',b'swing0002',b'swing0002',b'stance0004',b'stance0003',b'swing0003',b'swing0001',b'swing0002',,,,,,,,,,,,,,,,,
80,RIGHT,b'swing0001',b'swing0002',b'swing0002',b'stance0004',b'stance0003',b'swing0003',b'swing0001',b'swing0002',,,,,,,,,,,,,,,,,
81,RIGHT,b'swing0001',b'stance0002',b'swing0002',b'stance0004',b'stance0003',b'swing0003',b'stance0001',b'swing0002',,,,,,,,,,,,,,,,,
82,RIGHT,b'swing0001',b'stance0002',b'swing0002',b'stance0004',b'stance0003',b'swing0003',b'swing0002',b'swing0002',,,,,,,,,,,,,,,,,
83,RIGHT,b'swing0001',b'stance0002',b'swing0002',b'stance0004',b'stance0003',b'stance0003',b'stance0002',b'swing0002',,,,,,,,,,,,,,,,,
84,RIGHT,b'swing0001',b'stance0002',b'swing0002',b'stance0004',b'stance0003',b'swing0004',b'stance0002',b'swing0002',,,,,,,,,,,,,,,,,
85,RIGHT,b'swing0001',b'stance0002',b'swing0002',b'stance0004',b'stance0003',b'swing0004',b'stance0002',b'swing0002',,,,,,,,,,,,,,,,,
86,RIGHT,b'swing0001',b'stance0002',b'swing0002',b'stance0004',b'stance0003',b'swing0004',b'stance0002',b'swing0002',,,,,,,,,,,,,,,,,
87,RIGHT,b'swing0001',b'stance0002',b'swing0002',b'stance0004',b'swing0003',b'swing0004',b'stance0002',b'swing0002',,,,,,,,,,,,,,,,,
88,RIGHT,b'swing0001',b'stance0002',b'swing0002',b'stance0004',b'swing0003',b'swing0004',b'stance0002',b'swing0002',,,,,,,,,,,,,,,,,
89,RIGHT,b'swing0001',b'stance0002',b'swing0002',b'stance0004',b'swing0003',b'swing0004',b'stance0002',b'swing0002',,,,,,,,,,,,,,,,,
90,RIGHT,b'swing0001',b'stance0002',b'swing0002',b'stance0004',b'swing0003',b'swing0004',b'stance0002',b'swing0002',,,,,,,,,,,,,,,,,
91,RIGHT,b'swing0001',b'stance0002',b'swing0002',b'stance0004',b'swing0003',b'swing0004',b'stance0002',b'swing0002',,,,,,,,,,,,,,,,,
92,RIGHT,b'swing0001',b'stance0002',b'swing0002',b'stance0004',b'stance0004',b'swing0004',b'stance0002',b'swing0002',,,,,,,,,,,,,,,,,
93,RIGHT,b'swing0001',b'stance0002',b'swing0002',b'stance0004',b'stance0004',b'swing0004',b'stance0002',b'swing0002',,,,,,,,,,,,,,,,,
94,RIGHT,b'swing0001',b'stance0002',b'swing0002',b'stance0004',b'stance0004',b'swing0004',b'stance0002',b'swing0002',,,,,,,,,,,,,,,,,
95,RIGHT,b'swing0001',b'stance0002',b'swing0002',b'stance0004',b'stance0004',b'stance0004',b'stance0002',b'swing0002',,,,,,,,,,,,,,,,,
96,RIGHT,b'swing0001',b'stance0002',b'swing0002',b'stance0004',b'stance0004',b'stance0004',b'stance0002',b'swing0002',,,,,,,,,,,,,,,,,
97,RIGHT,b'swing0001',b'stance0002',b'swing0002',b'stance0004',b'stance0004',b'stance0004',b'stance0002',b'swing0002',,,,,,,,,,,,,,,,,
98,RIGHT,b'swing0001',b'stance0002',b'swing0002',b'stance0004',b'stance0004',b'stance0004',b'stance0002',b'swing0002',,,,,,,,,,,,,,,,,
99,RIGHT,b'swing0001',b'stance0002',b'swing0002',b'stance0004',b'stance0004',b'stance0004',b'stance0002',b'swing0002',,,,,,,,,,,,,,,,,
100,RIGHT,b'swing0001',b'stance0002',b'swing0002',b'stance0004',b'stance0004',b'stance0004',b'stance0002',b'swing0002',,,,,,,,,,,,,,,,,
101,RIGHT,b'swing0001',b'stance0002',b'swing0002',b'stance0004',b'stance0004',b'stance0004',b'stance0002',b'swing0002',,,,,,,,,,,,,,,,,
102,RIGHT,b'swing0001',b'stance0002',b'swing0002',b'stance0004',b'stance0004',b'stance0004',b'stance0002',b'swing0002',,,,,,,,,,,,,,,,,
103,RIGHT,b'swing0001',b'stance0002',b'swing0002',b'stance0004',b'swing0004',b'stance0004',b'stance0002',b'swing0002',,,,,,,,,,,,,,,,,
104,RIGHT,b'swing0001',b'stance0002',b'stance0003',b'stance0004',b'swing0004',b'stance0004',b'stance0002',b'swing0002',,,,,,,,,,,,,,,,,
105,RIGHT,b'swing0001',b'stance0002',b'stance0003',b'stance0004',b'swing0004',b'stance0004',b'stance0002',b'swing0002',,,,,,,,,,,,,,,,,
106,RIGHT,b'swing0001',b'stance0002',b'stance0003',b'swing0005',b'swing0004',b'stance0004',b'stance0002',b'swing0002',,,,,,,,,,,,,,,,,
107,RIGHT,b'swing0001',b'stance0002',b'stance0003',b'swing0005',b'swing0004',b'stance0004',b'stance0002',b'stance0002',,,,,,,,,,,,,,,,,
108,RIGHT,b'stance0002',b'stance0002',b'stance0003',b'swing0005',b'swing0004',b'stance0004',b'stance0002',b'stance0002',,,,,,,,,,,,,,,,,
109,RIGHT,b'stance0002',b'stance0002',b'stance0003',b'swing0005',b'swing0004',b'stance0004',b'stance0002',b'stance0002',,,,,,,,,,,,,,,,,
110,RIGHT,b'stance0002',b'stance0002',b'stance0003',b'swing0005',b'swing0004',b'stance0004',b'stance0002',b'stance0002',,,,,,,,,,,,,,,,,
111,RIGHT,b'swing0002',b'stance0002',b'stance0003',b'swing0005',b'swing0004',b'stance0004',b'stance0002',b'stance0002',,,,,,,,,,,,,,,,,
112,RIGHT,b'stance0003',b'stance0002',b'stance0003',b'swing0005',b'swing0004',b'stance0004',b'stance0002',b'stance0002',,,,,,,,,,,,,,,,,
113,RIGHT,b'swing0003',b'stance0002',b'stance0003',b'swing0005',b'swing0004',b'stance0004',b'stance0002',b'stance0002',,,,,,,,,,,,,,,,,
114,RIGHT,b'swing0003',b'stance0002',b'stance0003',b'swing0005',b'swing0004',b'stance0004',b'stance0002',b'stance0002',,,,,,,,,,,,,,,,,
115,RIGHT,b'swing0003',b'stance0002',b'stance0003',b'swing0005',b'swing0004',b'stance0004',b'stance0002',b'stance0002',,,,,,,,,,,,,,,,,
116,RIGHT,b'swing0003',b'stance0002',b'stance0003',b'swing0005',b'swing0004',b'stance0004',b'stance0002',b'stance0002',,,,,,,,,,,,,,,,,
117,RIGHT,b'swing0003',b'stance0002',b'stance0003',b'swing0005',b'swing0004',b'stance0004',b'stance0002',b'stance0002',,,,,,,,,,,,,,,,,
118,RIGHT,b'swing0003',b'stance0002',b'stance0003',b'swing0005',b'swing0004',b'stance0004',b'stance0002',b'stance0002',,,,,,,,,,,,,,,,,
119,RIGHT,b'swing0003',b'stance0002',b'stance0003',b'swing0005',b'swing0004',b'stance0004',b'stance0002',b'stance0002',,,,,,,,,,,,,,,,,
120,RIGHT,b'swing0003',b'stance0002',b'stance0003',b'swing0005',b'swing0004',b'stance0004',b'stance0002',b'stance0002',,,,,,,,,,,,,,,,,
121,RIGHT,b'swing0003',b'stance0002',b'stance0003',b'swing0005',b'swing0004',b'stance0004',b'stance0002',b'stance0002',,,,,,,,,,,,,,,,,
122,RIGHT,b'swing0003',b'stance0002',b'stance0003',b'swing0005',b'swing0004',b'stance0004',b'stance0002',b'stance0002',,,,,,,,,,,,,,,,,
123,RIGHT,b'swing0003',b'stance0002',b'stance0003',b'swing0005',b'swing0004',b'stance0004',b'stance0002',b'stance0002',,,,,,,,,,,,,,,,,
124,RIGHT,b'stance0004',b'stance0002',b'stance0003',b'swing0005',b'swing0004',b'stance0004',b'stance0002',b'stance0002',,,,,,,,,,,,,,,,,
125,RIGHT,b'stance0004',b'stance0002',b'stance0003',b'swing0005',b'swing0004',b'stance0004',b'stance0002',b'stance0002',,,,,,,,,,,,,,,,,
126,RIGHT,b'stance0004',b'stance0002',b'stance0003',b'swing0005',b'stance0005',b'stance0004',b'stance0002',b'stance0002',,,,,,,,,,,,,,,,,
127,RIGHT,b'stance0004',b'stance0002',b'stance0003',b'swing0005',b'stance0005',b'stance0004',b'stance0002',b'stance0002',,,,,,,,,,,,,,,,,
128,RIGHT,b'stance0004',b'stance0002',b'stance0003',b'swing0005',b'stance0005',b'stance0004',b'stance0002',b'stance0002',,,,,,,,,,,,,,,,,
129,RIGHT,b'stance0004',b'stance0002',b'stance0003',b'swing0005',b'stance0005',b'stance0004',b'stance0002',b'stance0002',,,,,,,,,,,,,,,,,
130,RIGHT,b'stance0004',b'stance0002',b'stance0003',b'swing0005',b'stance0005',b'stance0004',b'stance0002',b'stance0002',,,,,,,,,,,,,,,,,
131,RIGHT,b'stance0004',b'stance0002',b'stance0003',b'swing0005',b'stance0005',b'stance0004',b'stance0002',b'stance0002',,,,,,,,,,,,,,,,,
132,RIGHT,b'stance0004',b'stance0002',b'stance0003',b'swing0005',b'stance0005',b'stance0004',b'stance0002',b'stance0002',,,,,,,,,,,,,,,,,
133,RIGHT,b'stance0004',b'stance0002',b'stance0003',b'swing0005',b'stance0005',b'stance0004',b'stance0002',b'stance0002',,,,,,,,,,,,,,,,,
134,RIGHT,b'stance0004',b'stance0002',b'stance0003',b'swing0005',b'stance0005',b'stance0004',b'stance0002',b'stance0002',,,,,,,,,,,,,,,,,
135,RIGHT,b'stance0004',b'stance0002',b'stance0003',b'swing0005',b'stance0005',b'stance0004',b'stance0002',b'stance0002',,,,,,,,,,,,,,,,,
136,RIGHT,b'stance0004',b'stance0002',b'stance0003',b'swing0005',b'stance0005',b'stance0004',b'stance0002',b'stance0002',,,,,,,,,,,,,,,,,
137,RIGHT,b'stance0004',b'stance0002',b'stance0003',b'swing0005',b'stance0005',b'stance0004',b'stance0002',b'stance0002',,,,,,,,,,,,,,,,,
138,RIGHT,b'stance0004',b'stance0002',b'stance0003',b'swing0005',b'stance0005',b'stance0004',b'stance0002',b'swing0003',,,,,,,,,,,,,,,,,
139,RIGHT,b'stance0004',b'stance0002',b'stance0003',b'swing0005',b'stance0005',b'stance0004',b'stance0002',b'swing0003',,,,,,,,,,,,,,,,,
140,RIGHT,b'stance0004',b'stance0002',b'stance0003',b'swing0005',b'stance0005',b'stance0004',b'stance0002',b'swing0003',,,,,,,,,,,,,,,,,
141,RIGHT,b'stance0004',b'stance0002',b'stance0003',b'swing0005',b'stance0005',b'stance0004',b'stance0002',b'swing0003',,,,,,,,,,,,,,,,,
142,RIGHT,b'stance0004',b'stance0002',b'stance0003',b'stance0005',b'stance0005',b'stance0004',b'stance0002',b'swing0003',,,,,,,,,,,,,,,,,
143,RIGHT,b'stance0004',b'stance0002',b'stance0003',b'swing0006',b'swing0005',b'stance0004',b'stance0002',b'swing0003',,,,,,,,,,,,,,,,,
144,RIGHT,b'stance0004',b'stance0002',b'stance0003',b'stance0006',b'swing0005',b'stance0004',b'stance0002',b'swing0003',,,,,,,,,,,,,,,,,
145,RIGHT,b'stance0004',b'stance0002',b'stance0003',b'stance0006',b'swing0005',b'stance0004',b'stance0002',b'stance0003',,,,,,,,,,,,,,,,,
146,RIGHT,b'stance0004',b'stance0002',b'stance0003',b'swing0007',b'swing0005',b'stance0004',b'stance0002',b'swing0004',,,,,,,,,,,,,,,,,
147,RIGHT,b'stance0004',b'stance0002',b'stance0003',b'stance0007',b'swing0005',b'stance0004',b'stance0002',b'stance0004',,,,,,,,,,,,,,,,,
148,RIGHT,b'stance0004',b'stance0002',b'stance0003',b'swing0008',b'swing0005',b'stance0004',b'stance0002',b'stance0004',,,,,,,,,,,,,,,,,
149,RIGHT,b'stance0004',b'stance0002',b'stance0003',b'stance0008',b'swing0005',b'stance0004',b'swing0003',b'stance0004',,,,,,,,,,,,,,,,,
150,RIGHT,b'stance0004',b'stance0002',b'swing0003',b'stance0008',b'swing0005',b'stance0004',b'swing0003',b'stance0004',,,,,,,,,,,,,,,,,
151,RIGHT,b'stance0004',b'stance0002',b'swing0003',b'stance0008',b'swing0005',b'stance0004',b'stance0003',b'stance0004',,,,,,,,,,,,,,,,,
152,RIGHT,b'stance0004',b'stance0002',b'swing0003',b'stance0008',b'swing0005',b'stance0004',b'swing0004',b'stance0004',,,,,,,,,,,,,,,,,
153,RIGHT,b'stance0004',b'stance0002',b'swing0003',b'stance0008',b'stance0006',b'stance0004',b'swing0004',b'stance0004',,,,,,,,,,,,,,,,,
154,RIGHT,b'stance0004',b'stance0002',b'swing0003',b'stance0008',b'stance0006',b'swing0005',b'swing0004',b'stance0004',,,,,,,,,,,,,,,,,
155,RIGHT,b'swing0004',b'stance0002',b'swing0003',b'stance0008',b'stance0006',b'swing0005',b'swing0004',b'swing0005',,,,,,,,,,,,,,,,,
156,RIGHT,b'swing0004',b'swing0003',b'swing0003',b'stance0008',b'stance0006',b'swing0005',b'swing0004',b'stance0005',,,,,,,,,,,,,,,,,
157,RIGHT,b'stance0005',b'swing0003',b'swing0003',b'stance0008',b'swing0006',b'swing0005',b'swing0004',b'swing0006',,,,,,,,,,,,,,,,,
158,RIGHT,b'stance0005',b'swing0003',b'swing0003',b'stance0008',b'stance0007',b'stance0005',b'swing0004',b'swing0006',,,,,,,,,,,,,,,,,
159,RIGHT,b'stance0005',b'swing0003',b'swing0003',b'stance0008',b'stance0007',b'stance0005',b'swing0004',b'swing0006',,,,,,,,,,,,,,,,,
160,RIGHT,b'stance0005',b'swing0003',b'swing0003',b'stance0008',b'stance0007',b'stance0005',b'swing0004',b'swing0006',,,,,,,,,,,,,,,,,
161,RIGHT,b'stance0005',b'swing0003',b'swing0003',b'stance0008',b'stance0007',b'stance0005',b'swing0004',b'swing0006',,,,,,,,,,,,,,,,,
162,RIGHT,b'stance0005',b'swing0003',b'swing0003',b'stance0008',b'stance0007',b'stance0005',b'swing0004',b'swing0006',,,,,,,,,,,,,,,,,
163,RIGHT,b'stance0005',b'swing0003',b'swing0003',b'stance0008',b'stance0007',b'swing0006',b'swing0004',b'swing0006',,,,,,,,,,,,,,,,,
164,RIGHT,b'stance0005',b'swing0003',b'swing0003',b'stance0008',b'stance0007',b'stance0006',b'swing0004',b'swing0006',,,,,,,,,,,,,,,,,
165,RIGHT,b'stance0005',b'swing0003',b'swing0003',b'stance0008',b'stance0007',b'stance0006',b'swing0004',b'swing0006',,,,,,,,,,,,,,,,,
166,RIGHT,b'swing0005',b'swing0003',b'swing0003',b'stance0008',b'swing0007',b'stance0006',b'swing0004',b'swing0006',,,,,,,,,,,,,,,,,
167,RIGHT,b'swing0005',b'swing0003',b'swing0003',b'stance0008',b'swing0007',b'stance0006',b'swing0004',b'swing0006',,,,,,,,,,,,,,,,,
168,RIGHT,b'swing0005',b'swing0003',b'swing0003',b'stance0008',b'swing0007',b'swing0007',b'swing0004',b'swing0006',,,,,,,,,,,,,,,,,
169,RIGHT,b'swing0005',b'swing0003',b'swing0003',b'stance0008',b'swing0007',b'stance0007',b'swing0004',b'swing0006',,,,,,,,,,,,,,,,,
170,RIGHT,b'stance0006',b'swing0003',b'swing0003',b'stance0008',b'stance0008',b'stance0007',b'swing0004',b'swing0006',,,,,,,,,,,,,,,,,
171,RIGHT,b'stance0006',b'swing0003',b'swing0003',b'stance0008',b'stance0008',b'swing0008',b'swing0004',b'swing0006',,,,,,,,,,,,,,,,,
172,RIGHT,b'stance0006',b'swing0003',b'swing0003',b'stance0008',b'stance0008',b'stance0008',b'swing0004',b'swing0006',,,,,,,,,,,,,,,,,
173,RIGHT,b'stance0006',b'swing0003',b'swing0003',b'stance0008',b'stance0008',b'stance0008',b'stance0004',b'stance0006',,,,,,,,,,,,,,,,,
174,RIGHT,b'stance0006',b'swing0003',b'swing0003',b'stance0008',b'stance0008',b'swing0009',b'swing0005',b'stance0006',,,,,,,,,,,,,,,,,
175,RIGHT,b'stance0006',b'swing0003',b'swing0003',b'stance0008',b'stance0008',b'swing0009',b'swing0005',b'stance0006',,,,,,,,,,,,,,,,,
176,RIGHT,b'stance0006',b'swing0003',b'swing0003',b'stance0008',b'stance0008',b'stance0009',b'stance0005',b'stance0006',,,,,,,,,,,,,,,,,
177,RIGHT,b'stance0006',b'swing0003',b'stance0004',b'stance0008',b'stance0008',b'swing0010',b'swing0006',b'stance0006',,,,,,,,,,,,,,,,,
178,RIGHT,b'stance0006',b'swing0003',b'stance0004',b'stance0008',b'stance0008',b'swing0010',b'swing0006',b'stance0006',,,,,,,,,,,,,,,,,
179,RIGHT,b'stance0006',b'swing0003',b'stance0004',b'stance0008',b'stance0008',b'stance0010',b'swing0006',b'stance0006',,,,,,,,,,,,,,,,,
180,RIGHT,b'stance0006',b'swing0003',b'stance0004',b'stance0008',b'swing0008',b'swing0011',b'swing0006',b'stance0006',,,,,,,,,,,,,,,,,
181,RIGHT,b'stance0006',b'swing0003',b'stance0004',b'swing0009',b'stance0009',b'swing0011',b'swing0006',b'stance0006',,,,,,,,,,,,,,,,,
182,RIGHT,b'stance0006',b'swing0003',b'stance0004',b'stance0009',b'stance0009',b'swing0011',b'swing0006',b'stance0006',,,,,,,,,,,,,,,,,
183,RIGHT,b'stance0006',b'swing0003',b'stance0004',b'stance0009',b'stance0009',b'swing0011',b'swing0006',b'stance0006',,,,,,,,,,,,,,,,,
184,RIGHT,b'swing0006',b'swing0003',b'stance0004',b'swing0010',b'stance0009',b'stance0011',b'swing0006',b'stance0006',,,,,,,,,,,,,,,,,
185,RIGHT,b'swing0006',b'swing0003',b'stance0004',b'swing0010',b'stance0009',b'stance0011',b'swing0006',b'stance0006',,,,,,,,,,,,,,,,,
186,RIGHT,b'swing0006',b'swing0003',b'stance0004',b'swing0010',b'stance0009',b'stance0011',b'swing0006',b'stance0006',,,,,,,,,,,,,,,,,
187,RIGHT,b'stance0007',b'swing0003',b'stance0004',b'swing0010',b'stance0009',b'stance0011',b'swing0006',b'stance0006',,,,,,,,,,,,,,,,,
188,RIGHT,b'stance0007',b'swing0003',b'stance0004',b'swing0010',b'stance0009',b'stance0011',b'stance0006',b'stance0006',,,,,,,,,,,,,,,,,
189,RIGHT,b'stance0007',b'swing0003',b'stance0004',b'swing0010',b'stance0009',b'stance0011',b'swing0007',b'stance0006',,,,,,,,,,,,,,,,,
190,RIGHT,b'stance0007',b'swing0003',b'stance0004',b'swing0010',b'stance0009',b'stance0011',b'swing0007',b'stance0006',,,,,,,,,,,,,,,,,
191,RIGHT,b'stance0007',b'swing0003',b'stance0004',b'swing0010',b'stance0009',b'stance0011',b'stance0007',b'stance0006',,,,,,,,,,,,,,,,,
192,RIGHT,b'stance0007',b'swing0003',b'stance0004',b'swing0010',b'swing0009',b'stance0011',b'swing0008',b'stance0006',,,,,,,,,,,,,,,,,
193,RIGHT,b'stance0007',b'swing0003',b'stance0004',b'swing0010',b'stance0010',b'swing0012',b'stance0008',b'stance0006',,,,,,,,,,,,,,,,,
194,RIGHT,b'stance0007',b'swing0003',b'stance0004',b'swing0010',b'stance0010',b'swing0012',b'stance0008',b'stance0006',,,,,,,,,,,,,,,,,
195,RIGHT,b'swing0007',b'swing0003',b'stance0004',b'swing0010',b'swing0010',b'swing0012',b'swing0009',b'stance0006',,,,,,,,,,,,,,,,,
196,RIGHT,b'swing0007',b'swing0003',b'stance0004',b'swing0010',b'stance0011',b'swing0012',b'swing0009',b'stance0006',,,,,,,,,,,,,,,,,
197,RIGHT,b'swing0007',b'swing0003',b'stance0004',b'swing0010',b'stance0011',b'swing0012',b'swing0009',b'swing0007',,,,,,,,,,,,,,,,,
198,RIGHT,b'swing0007',b'swing0003',b'stance0004',b'swing0010',b'stance0011',b'swing0012',b'swing0009',b'swing0007',,,,,,,,,,,,,,,,,
199,RIGHT,b'stance0008',b'swing0003',b'stance0004',b'swing0010',b'stance0011',b'swing0012',b'swing0009',b'swing0007',,,,,,,,,,,,,,,,,
200,RIGHT,b'stance0008',b'stance0003',b'stance0004',b'swing0010',b'stance0011',b'swing0012',b'swing0009',b'swing0007',,,,,,,,,,,,,,,,,
201,RIGHT,b'stance0008',b'stance0003',b'stance0004',b'swing0010',b'stance0011',b'swing0012',b'swing0009',b'swing0007',,,,,,,,,,,,,,,,,
202,RIGHT,b'stance0008',b'stance0003',b'stance0004',b'swing0010',b'stance0011',b'swing0012',b'swing0009',b'swing0007',,,,,,,,,,,,,,,,,
203,RIGHT,b'swing0008',b'swing0004',b'stance0004',b'swing0010',b'stance0011',b'swing0012',b'stance0009',b'swing0007',,,,,,,,,,,,,,,,,
204,RIGHT,b'stance0009',b'stance0004',b'stance0004',b'swing0010',b'stance0011',b'swing0012',b'swing0010',b'swing0007',,,,,,,,,,,,,,,,,
205,RIGHT,b'stance0009',b'stance0004',b'stance0004',b'swing0010',b'stance0011',b'swing0012',b'stance0010',b'swing0007',,,,,,,,,,,,,,,,,
206,RIGHT,b'stance0009',b'stance0004',b'stance0004',b'swing0010',b'stance0011',b'swing0012',b'stance0010',b'stance0007',,,,,,,,,,,,,,,,,
207,RIGHT,b'swing0009',b'stance0004',b'stance0004',b'swing0010',b'stance0011',b'swing0012',b'stance0010',b'swing0008',,,,,,,,,,,,,,,,,
208,RIGHT,b'swing0009',b'stance0004',b'stance0004',b'swing0010',b'stance0011',b'swing0012',b'swing0011',b'swing0008',,,,,,,,,,,,,,,,,
209,RIGHT,b'swing0009',b'stance0004',b'stance0004',b'stance0010',b'stance0011',b'swing0012',b'swing0011',b'stance0008',,,,,,,,,,,,,,,,,
210,RIGHT,b'swing0009',b'stance0004',b'stance0004',b'stance0010',b'stance0011',b'swing0012',b'stance0011',b'swing0009',,,,,,,,,,,,,,,,,
211,RIGHT,b'swing0009',b'stance0004',b'stance0004',b'stance0010',b'stance0011',b'swing0012',b'swing0012',b'stance0009',,,,,,,,,,,,,,,,,
212,RIGHT,b'swing0009',b'stance0004',b'stance0004',b'stance0010',b'stance0011',b'swing0012',b'stance0012',b'stance0009',,,,,,,,,,,,,,,,,
213,RIGHT,b'swing0009',b'stance0004',b'stance0004',b'stance0010',b'stance0011',b'swing0012',b'stance0012',b'stance0009',,,,,,,,,,,,,,,,,
214,RIGHT,b'swing0009',b'stance0004',b'stance0004',b'stance0010',b'stance0011',b'swing0012',b'stance0012',b'stance0009',,,,,,,,,,,,,,,,,
215,RIGHT,b'swing0009',b'stance0004',b'stance0004',b'stance0010',b'swing0011',b'swing0012',b'stance0012',b'stance0009',,,,,,,,,,,,,,,,,
216,RIGHT,b'swing0009',b'stance0004',b'stance0004',b'stance0010',b'swing0011',b'swing0012',b'stance0012',b'stance0009',,,,,,,,,,,,,,,,,
217,RIGHT,b'swing0009',b'stance0004',b'stance0004',b'stance0010',b'swing0011',b'swing0012',b'stance0012',b'stance0009',,,,,,,,,,,,,,,,,
218,RIGHT,b'swing0009',b'stance0004',b'stance0004',b'stance0010',b'swing0011',b'swing0012',b'stance0012',b'stance0009',,,,,,,,,,,,,,,,,
219,RIGHT,b'swing0009',b'stance0004',b'stance0004',b'stance0010',b'swing0011',b'stance0012',b'stance0012',b'stance0009',,,,,,,,,,,,,,,,,
220,RIGHT,b'stance0010',b'stance0004',b'stance0004',b'stance0010',b'swing0011',b'stance0012',b'stance0012',b'stance0009',,,,,,,,,,,,,,,,,
221,RIGHT,b'stance0010',b'stance0004',b'stance0004',b'stance0010',b'swing0011',b'stance0012',b'stance0012',b'stance0009',,,,,,,,,,,,,,,,,
222,RIGHT,b'stance0010',b'stance0004',b'stance0004',b'stance0010',b'swing0011',b'stance0012',b'swing0013',b'stance0009',,,,,,,,,,,,,,,,,
223,RIGHT,b'swing0010',b'stance0004',b'stance0004',b'stance0010',b'swing0011',b'stance0012',b'swing0013',b'swing0010',,,,,,,,,,,,,,,,,
224,RIGHT,b'swing0010',b'stance0004',b'stance0004',b'stance0010',b'swing0011',b'stance0012',b'stance0013',b'swing0010',,,,,,,,,,,,,,,,,
225,RIGHT,b'swing0010',b'stance0004',b'stance0004',b'stance0010',b'swing0011',b'stance0012',b'stance0013',b'swing0010',,,,,,,,,,,,,,,,,
226,RIGHT,b'swing0010',b'stance0004',b'swing0004',b'stance0010',b'swing0011',b'swing0013',b'stance0013',b'swing0010',,,,,,,,,,,,,,,,,
227,RIGHT,b'swing0010',b'stance0004',b'swing0004',b'stance0010',b'swing0011',b'swing0013',b'stance0013',b'swing0010',,,,,,,,,,,,,,,,,
228,RIGHT,b'swing0010',b'stance0004',b'swing0004',b'stance0010',b'stance0012',b'swing0013',b'stance0013',b'swing0010',,,,,,,,,,,,,,,,,
229,RIGHT,b'swing0010',b'stance0004',b'swing0004',b'stance0010',b'stance0012',b'swing0013',b'stance0013',b'swing0010',,,,,,,,,,,,,,,,,
230,RIGHT,b'swing0010',b'stance0004',b'swing0004',b'stance0010',b'stance0012',b'swing0013',b'stance0013',b'swing0010',,,,,,,,,,,,,,,,,
231,RIGHT,b'swing0010',b'swing0005',b'swing0004',b'stance0010',b'stance0012',b'swing0013',b'stance0013',b'swing0010',,,,,,,,,,,,,,,,,
232,RIGHT,b'swing0010',b'swing0005',b'swing0004',b'stance0010',b'swing0012',b'swing0013',b'stance0013',b'swing0010',,,,,,,,,,,,,,,,,
233,RIGHT,b'swing0010',b'swing0005',b'swing0004',b'stance0010',b'swing0012',b'swing0013',b'stance0013',b'swing0010',,,,,,,,,,,,,,,,,
234,RIGHT,b'swing0010',b'swing0005',b'swing0004',b'stance0010',b'swing0012',b'stance0013',b'stance0013',b'swing0010',,,,,,,,,,,,,,,,,
235,RIGHT,b'swing0010',b'swing0005',b'swing0004',b'stance0010',b'swing0012',b'stance0013',b'stance0013',b'swing0010',,,,,,,,,,,,,,,,,
236,RIGHT,b'swing0010',b'stance0005',b'swing0004',b'stance0010',b'swing0012',b'stance0013',b'stance0013',b'swing0010',,,,,,,,,,,,,,,,,
237,RIGHT,b'swing0010',b'stance0005',b'swing0004',b'stance0010',b'swing0012',b'stance0013',b'stance0013',b'swing0010',,,,,,,,,,,,,,,,,
238,RIGHT,b'swing0010',b'stance0005',b'swing0004',b'stance0010',b'swing0012',b'stance0013',b'stance0013',b'swing0010',,,,,,,,,,,,,,,,,
239,RIGHT,b'swing0010',b'stance0005',b'swing0004',b'stance0010',b'swing0012',b'stance0013',b'stance0013',b'swing0010',,,,,,,,,,,,,,,,,
240,RIGHT,b'swing0010',b'stance0005',b'swing0004',b'stance0010',b'swing0012',b'stance0013',b'swing0014',b'swing0010',,,,,,,,,,,,,,,,,
241,RIGHT,b'swing0010',b'stance0005',b'swing0004',b'stance0010',b'swing0012',b'stance0013',b'stance0014',b'swing0010',,,,,,,,,,,,,,,,,
242,RIGHT,b'swing0010',b'stance0005',b'swing0004',b'stance0010',b'swing0012',b'stance0013',b'stance0014',b'stance0010',,,,,,,,,,,,,,,,,
243,RIGHT,b'swing0010',b'stance0005',b'swing0004',b'stance0010',b'swing0012',b'stance0013',b'stance0014',b'swing0011',,,,,,,,,,,,,,,,,
244,RIGHT,b'swing0010',b'stance0005',b'swing0004',b'swing0011',b'swing0012',b'stance0013',b'stance0014',b'swing0011',,,,,,,,,,,,,,,,,
245,RIGHT,b'swing0010',b'stance0005',b'swing0004',b'stance0011',b'swing0012',b'stance0013',b'stance0014',b'swing0011',,,,,,,,,,,,,,,,,
246,RIGHT,b'swing0010',b'stance0005',b'swing0004',b'stance0011',b'swing0012',b'stance0013',b'stance0014',b'swing0011',,,,,,,,,,,,,,,,,
247,RIGHT,b'swing0010',b'stance0005',b'swing0004',b'stance0011',b'swing0012',b'stance0013',b'stance0014',b'swing0011',,,,,,,,,,,,,,,,,
248,RIGHT,b'swing0010',b'stance0005',b'swing0004',b'stance0011',b'swing0012',b'stance0013',b'stance0014',b'swing0011',,,,,,,,,,,,,,,,,
249,RIGHT,b'swing0010',b'stance0005',b'swing0004',b'stance0011',b'swing0012',b'stance0013',b'stance0014',b'swing0011',,,,,,,,,,,,,,,,,
250,RIGHT,b'swing0010',b'stance0005',b'swing0004',b'stance0011',b'swing0012',b'stance0013',b'stance0014',b'swing0011',,,,,,,,,,,,,,,,,
251,RIGHT,b'swing0010',b'stance0005',b'stance0005',b'stance0011',b'stance0013',b'swing0014',b'stance0014',b'swing0011',,,,,,,,,,,,,,,,,
252,RIGHT,b'swing0010',b'stance0005',b'stance0005',b'stance0011',b'stance0013',b'swing0014',b'stance0014',b'swing0011',,,,,,,,,,,,,,,,,
253,RIGHT,b'swing0010',b'stance0005',b'stance0005',b'stance0011',b'stance0013',b'swing0014',b'stance0014',b'swing0011',,,,,,,,,,,,,,,,,
254,RIGHT,b'swing0010',b'stance0005',b'stance0005',b'stance0011',b'stance0013',b'swing0014',b'stance0014',b'swing0011',,,,,,,,,,,,,,,,,
255,RIGHT,b'swing0010',b'stance0005',b'stance0005',b'stance0011',b'stance0013',b'swing0014',b'stance0014',b'swing0011',,,,,,,,,,,,,,,,,
256,RIGHT,b'swing0010',b'stance0005',b'stance0005',b'swing0012',b'stance0013',b'swing0014',b'stance0014',b'swing0011',,,,,,,,,,,,,,,,,
257,RIGHT,b'swing0010',b'stance0005',b'stance0005',b'stance0012',b'stance0013',b'swing0014',b'stance0014',b'swing0011',,,,,,,,,,,,,,,,,
258,RIGHT,b'swing0010',b'stance0005',b'stance0005',b'swing0013',b'stance0013',b'swing0014',b'stance0014',b'stance0011',,,,,,,,,,,,,,,,,
259,RIGHT,b'stance0011',b'stance0005',b'stance0005',b'swing0013',b'swing0013',b'stance0014',b'swing0015',b'stance0011',,,,,,,,,,,,,,,,,
260,RIGHT,b'swing0011',b'swing0006',b'stance0005',b'swing0013',b'swing0013',b'stance0014',b'swing0015',b'stance0011',,,,,,,,,,,,,,,,,
261,RIGHT,b'swing0011',b'swing0006',b'stance0005',b'swing0013',b'swing0013',b'swing0015',b'swing0015',b'stance0011',,,,,,,,,,,,,,,,,
262,RIGHT,b'swing0011',b'stance0006',b'stance0005',b'swing0013',b'swing0013',b'stance0015',b'swing0015',b'stance0011',,,,,,,,,,,,,,,,,
263,RIGHT,b'stance0012',b'stance0006',b'stance0005',b'swing0013',b'swing0013',b'stance0015',b'swing0015',b'stance0011',,,,,,,,,,,,,,,,,
264,RIGHT,b'swing0012',b'stance0006',b'stance0005',b'swing0013',b'swing0013',b'stance0015',b'stance0015',b'stance0011',,,,,,,,,,,,,,,,,
265,RIGHT,b'stance0013',b'stance0006',b'stance0005',b'swing0013',b'swing0013',b'stance0015',b'stance0015',b'stance0011',,,,,,,,,,,,,,,,,
266,RIGHT,b'stance0013',b'stance0006',b'stance0005',b'swing0013',b'swing0013',b'stance0015',b'stance0015',b'stance0011',,,,,,,,,,,,,,,,,
267,RIGHT,b'stance0013',b'stance0006',b'stance0005',b'swing0013',b'swing0013',b'stance0015',b'stance0015',b'stance0011',,,,,,,,,,,,,,,,,
268,RIGHT,b'stance0013',b'stance0006',b'stance0005',b'swing0013',b'stance0014',b'stance0015',b'stance0015',b'stance0011',,,,,,,,,,,,,,,,,
269,RIGHT,b'stance0013',b'stance0006',b'stance0005',b'swing0013',b'stance0014',b'stance0015',b'swing0016',b'stance0011',,,,,,,,,,,,,,,,,
270,RIGHT,b'stance0013',b'stance0006',b'stance0005',b'swing0013',b'stance0014',b'stance0015',b'swing0016',b'stance0011',,,,,,,,,,,,,,,,,
271,RIGHT,b'stance0013',b'stance0006',b'stance0005',b'swing0013',b'stance0014',b'stance0015',b'swing0016',b'stance0011',,,,,,,,,,,,,,,,,
272,RIGHT,b'stance0013',b'stance0006',b'stance0005',b'swing0013',b'stance0014',b'stance0015',b'swing0016',b'stance0011',,,,,,,,,,,,,,,,,
273,RIGHT,b'stance0013',b'stance0006',b'stance0005',b'swing0013',b'stance0014',b'stance0015',b'swing0016',b'stance0011',,,,,,,,,,,,,,,,,
274,RIGHT,b'stance0013',b'stance0006',b'stance0005',b'swing0013',b'stance0014',b'stance0015',b'swing0016',b'stance0011',,,,,,,,,,,,,,,,,
275,RIGHT,b'stance0013',b'swing0007',b'stance0005',b'swing0013',b'stance0014',b'stance0015',b'swing0016',b'stance0011',,,,,,,,,,,,,,,,,
276,RIGHT,b'stance0013',b'swing0007',b'stance0005',b'swing0013',b'stance0014',b'stance0015',b'swing0016',b'stance0011',,,,,,,,,,,,,,,,,
277,RIGHT,b'stance0013',b'swing0007',b'stance0005',b'swing0013',b'stance0014',b'stance0015',b'swing0016',b'stance0011',,,,,,,,,,,,,,,,,
278,RIGHT,b'stance0013',b'swing0007',b'stance0005',b'swing0013',b'stance0014',b'stance0015',b'swing0016',b'stance0011',,,,,,,,,,,,,,,,,
279,RIGHT,b'stance0013',b'swing0007',b'stance0005',b'swing0013',b'stance0014',b'stance0015',b'swing0016',b'stance0011',,,,,,,,,,,,,,,,,
280,RIGHT,b'stance0013',b'swing0007',b'stance0005',b'swing0013',b'swing0014',b'stance0015',b'swing0016',b'stance0011',,,,,,,,,,,,,,,,,
281,RIGHT,b'stance0013',b'swing0007',b'stance0005',b'swing0013',b'swing0014',b'stance0015',b'swing0016',b'stance0011',,,,,,,,,,,,,,,,,
282,RIGHT,b'stance0013',b'swing0007',b'stance0005',b'swing0013',b'swing0014',b'stance0015',b'swing0016',b'stance0011',,,,,,,,,,,,,,,,,
283,RIGHT,b'stance0013',b'swing0007',b'stance0005',b'swing0013',b'swing0014',b'stance0015',b'swing0016',b'stance0011',,,,,,,,,,,,,,,,,
284,RIGHT,b'stance0013',b'swing0007',b'stance0005',b'swing0013',b'swing0014',b'stance0015',b'swing0016',b'swing0012',,,,,,,,,,,,,,,,,
285,RIGHT,b'stance0013',b'swing0007',b'stance0005',b'swing0013',b'swing0014',b'stance0015',b'swing0016',b'swing0012',,,,,,,,,,,,,,,,,
286,RIGHT,b'stance0013',b'swing0007',b'stance0005',b'swing0013',b'swing0014',b'stance0015',b'swing0016',b'swing0012',,,,,,,,,,,,,,,,,
287,RIGHT,b'stance0013',b'swing0007',b'stance0005',b'swing0013',b'swing0014',b'stance0015',b'swing0016',b'stance0012',,,,,,,,,,,,,,,,,
288,RIGHT,b'stance0013',b'swing0007',b'stance0005',b'swing0013',b'swing0014',b'swing0016',b'swing0016',b'stance0012',,,,,,,,,,,,,,,,,
289,RIGHT,b'stance0013',b'swing0007',b'stance0005',b'swing0013',b'swing0014',b'swing0016',b'swing0016',b'stance0012',,,,,,,,,,,,,,,,,
290,RIGHT,b'stance0013',b'swing0007',b'stance0005',b'swing0013',b'stance0015',b'swing0016',b'swing0016',b'stance0012',,,,,,,,,,,,,,,,,
291,RIGHT,b'stance0013',b'swing0007',b'stance0005',b'stance0013',b'stance0015',b'swing0016',b'swing0016',b'stance0012',,,,,,,,,,,,,,,,,
292,RIGHT,b'stance0013',b'swing0007',b'stance0005',b'stance0013',b'stance0015',b'swing0016',b'swing0016',b'stance0012',,,,,,,,,,,,,,,,,
293,RIGHT,b'stance0013',b'swing0007',b'stance0005',b'stance0013',b'stance0015',b'swing0016',b'swing0016',b'stance0012',,,,,,,,,,,,,,,,,
294,RIGHT,b'stance0013',b'swing0007',b'stance0005',b'stance0013',b'stance0015',b'swing0016',b'swing0016',b'stance0012',,,,,,,,,,,,,,,,,
295,RIGHT,b'stance0013',b'swing0007',b'stance0005',b'stance0013',b'swing0015',b'stance0016',b'swing0016',b'stance0012',,,,,,,,,,,,,,,,,
296,RIGHT,b'stance0013',b'swing0007',b'stance0005',b'stance0013',b'swing0015',b'stance0016',b'swing0016',b'stance0012',,,,,,,,,,,,,,,,,
297,RIGHT,b'stance0013',b'swing0007',b'stance0005',b'stance0013',b'swing0015',b'stance0016',b'swing0016',b'stance0012',,,,,,,,,,,,,,,,,
298,RIGHT,b'stance0013',b'swing0007',b'stance0005',b'stance0013',b'swing0015',b'stance0016',b'swing0016',b'stance0012',,,,,,,,,,,,,,,,,
299,RIGHT,b'stance0013',b'swing0007',b'stance0005',b'stance0013',b'swing0015',b'stance0016',b'swing0016',b'stance0012',,,,,,,,,,,,,,,,,
300,RIGHT,b'stance0013',b'swing0007',b'stance0005',b'stance0013',b'stance0016',b'stance0016',b'swing0016',b'swing0013',,,,,,,,,,,,,,,,,
301,RIGHT,b'stance0013',b'swing0007',b'stance0005',b'stance0013',b'stance0016',b'stance0016',b'swing0016',b'swing0013',,,,,,,,,,,,,,,,,
302,RIGHT,b'stance0013',b'swing0007',b'stance0005',b'stance0013',b'stance0016',b'stance0016',b'swing0016',b'stance0013',,,,,,,,,,,,,,,,,
303,RIGHT,b'stance0013',b'swing0007',b'stance0005',b'stance0013',b'swing0016',b'stance0016',b'swing0016',b'stance0013',,,,,,,,,,,,,,,,,
304,RIGHT,b'stance0013',b'swing0007',b'stance0005',b'stance0013',b'swing0016',b'stance0016',b'swing0016',b'stance0013',,,,,,,,,,,,,,,,,
305,RIGHT,b'stance0013',b'swing0007',b'stance0005',b'stance0013',b'swing0016',b'stance0016',b'stance0016',b'stance0013',,,,,,,,,,,,,,,,,
306,RIGHT,b'stance0013',b'swing0007',b'stance0005',b'stance0013',b'swing0016',b'stance0016',b'stance0016',b'stance0013',,,,,,,,,,,,,,,,,
307,RIGHT,b'stance0013',b'swing0007',b'stance0005',b'stance0013',b'swing0016',b'stance0016',b'stance0016',b'stance0013',,,,,,,,,,,,,,,,,
308,RIGHT,b'stance0013',b'swing0007',b'stance0005',b'stance0013',b'swing0016',b'stance0016',b'stance0016',b'stance0013',,,,,,,,,,,,,,,,,
309,RIGHT,b'stance0013',b'swing0007',b'swing0005',b'stance0013',b'swing0016',b'stance0016',b'swing0017',b'stance0013',,,,,,,,,,,,,,,,,
310,RIGHT,b'stance0013',b'swing0007',b'stance0006',b'stance0013',b'swing0016',b'stance0016',b'swing0017',b'stance0013',,,,,,,,,,,,,,,,,
311,RIGHT,b'stance0013',b'swing0007',b'stance0006',b'stance0013',b'swing0016',b'stance0016',b'swing0017',b'stance0013',,,,,,,,,,,,,,,,,
312,RIGHT,b'stance0013',b'swing0007',b'stance0006',b'stance0013',b'swing0016',b'stance0016',b'swing0017',b'swing0014',,,,,,,,,,,,,,,,,
313,RIGHT,b'stance0013',b'swing0007',b'swing0006',b'stance0013',b'stance0017',b'stance0016',b'stance0017',b'swing0014',,,,,,,,,,,,,,,,,
314,RIGHT,b'stance0013',b'swing0007',b'swing0006',b'stance0013',b'swing0017',b'stance0016',b'stance0017',b'swing0014',,,,,,,,,,,,,,,,,
315,RIGHT,b'stance0013',b'stance0007',b'swing0006',b'stance0013',b'stance0018',b'stance0016',b'stance0017',b'swing0014',,,,,,,,,,,,,,,,,
316,RIGHT,b'stance0013',b'stance0007',b'swing0006',b'stance0013',b'stance0018',b'stance0016',b'stance0017',b'swing0014',,,,,,,,,,,,,,,,,
317,RIGHT,b'stance0013',b'stance0007',b'swing0006',b'stance0013',b'stance0018',b'stance0016',b'stance0017',b'swing0014',,,,,,,,,,,,,,,,,
318,RIGHT,b'stance0013',b'stance0007',b'swing0006',b'stance0013',b'stance0018',b'stance0016',b'stance0017',b'swing0014',,,,,,,,,,,,,,,,,
319,RIGHT,b'stance0013',b'stance0007',b'swing0006',b'stance0013',b'stance0018',b'stance0016',b'stance0017',b'swing0014',,,,,,,,,,,,,,,,,
320,RIGHT,b'stance0013',b'stance0007',b'swing0006',b'stance0013',b'stance0018',b'stance0016',b'stance0017',b'swing0014',,,,,,,,,,,,,,,,,
321,RIGHT,b'stance0013',b'stance0007',b'swing0006',b'stance0013',b'stance0018',b'stance0016',b'stance0017',b'swing0014',,,,,,,,,,,,,,,,,
322,RIGHT,b'stance0013',b'stance0007',b'swing0006',b'stance0013',b'stance0018',b'stance0016',b'stance0017',b'swing0014',,,,,,,,,,,,,,,,,
323,RIGHT,b'stance0013',b'stance0007',b'swing0006',b'stance0013',b'stance0018',b'swing0017',b'stance0017',b'swing0014',,,,,,,,,,,,,,,,,
324,RIGHT,b'stance0013',b'stance0007',b'swing0006',b'stance0013',b'stance0018',b'swing0017',b'stance0017',b'swing0014',,,,,,,,,,,,,,,,,
325,RIGHT,b'stance0013',b'stance0007',b'swing0006',b'stance0013',b'stance0018',b'swing0017',b'stance0017',b'swing0014',,,,,,,,,,,,,,,,,
326,RIGHT,b'stance0013',b'stance0007',b'swing0006',b'stance0013',b'stance0018',b'swing0017',b'stance0017',b'swing0014',,,,,,,,,,,,,,,,,
327,RIGHT,b'stance0013',b'stance0007',b'swing0006',b'stance0013',b'stance0018',b'swing0017',b'stance0017',b'swing0014',,,,,,,,,,,,,,,,,
328,RIGHT,b'stance0013',b'stance0007',b'swing0006',b'stance0013',b'stance0018',b'swing0017',b'stance0017',b'swing0014',,,,,,,,,,,,,,,,,
329,RIGHT,b'stance0013',b'stance0007',b'swing0006',b'stance0013',b'stance0018',b'swing0017',b'stance0017',b'swing0014',,,,,,,,,,,,,,,,,
330,RIGHT,b'stance0013',b'stance0007',b'swing0006',b'stance0013',b'stance0018',b'swing0017',b'stance0017',b'swing0014',,,,,,,,,,,,,,,,,
331,RIGHT,b'stance0013',b'stance0007',b'swing0006',b'stance0013',b'stance0018',b'swing0017',b'stance0017',b'swing0014',,,,,,,,,,,,,,,,,
332,RIGHT,b'stance0013',b'stance0007',b'swing0006',b'swing0014',b'stance0018',b'swing0017',b'stance0017',b'swing0014',,,,,,,,,,,,,,,,,
333,RIGHT,b'swing0013',b'stance0007',b'swing0006',b'swing0014',b'stance0018',b'swing0017',b'stance0017',b'swing0014',,,,,,,,,,,,,,,,,
334,RIGHT,b'swing0013',b'stance0007',b'swing0006',b'swing0014',b'stance0018',b'swing0017',b'stance0017',b'swing0014',,,,,,,,,,,,,,,,,
335,RIGHT,b'swing0013',b'stance0007',b'swing0006',b'swing0014',b'stance0018',b'swing0017',b'stance0017',b'swing0014',,,,,,,,,,,,,,,,,
336,RIGHT,b'swing0013',b'stance0007',b'swing0006',b'swing0014',b'stance0018',b'swing0017',b'stance0017',b'swing0014',,,,,,,,,,,,,,,,,
337,RIGHT,b'swing0013',b'stance0007',b'swing0006',b'swing0014',b'stance0018',b'swing0017',b'stance0017',b'stance0014',,,,,,,,,,,,,,,,,
338,RIGHT,b'swing0013',b'stance0007',b'swing0006',b'swing0014',b'stance0018',b'swing0017',b'stance0017',b'stance0014',,,,,,,,,,,,,,,,,
339,RIGHT,b'swing0013',b'stance0007',b'swing0006',b'swing0014',b'stance0018',b'swing0017',b'stance0017',b'stance0014',,,,,,,,,,,,,,,,,
340,RIGHT,b'swing0013',b'stance0007',b'swing0006',b'swing0014',b'stance0018',b'swing0017',b'stance0017',b'stance0014',,,,,,,,,,,,,,,,,
341,RIGHT,b'swing0013',b'stance0007',b'swing0006',b'swing0014',b'stance0018',b'swing0017',b'stance0017',b'stance0014',,,,,,,,,,,,,,,,,
342,RIGHT,b'swing0013',b'stance0007',b'swing0006',b'stance0014',b'stance0018',b'swing0017',b'stance0017',b'stance0014',,,,,,,,,,,,,,,,,
343,RIGHT,b'swing0013',b'stance0007',b'swing0006',b'stance0014',b'stance0018',b'swing0017',b'stance0017',b'stance0014',,,,,,,,,,,,,,,,,
344,RIGHT,b'swing0013',b'stance0007',b'swing0006',b'swing0015',b'stance0018',b'swing0017',b'stance0017',b'stance0014',,,,,,,,,,,,,,,,,
345,RIGHT,b'swing0013',b'stance0007',b'swing0006',b'stance0015',b'stance0018',b'swing0017',b'stance0017',b'stance0014',,,,,,,,,,,,,,,,,
346,RIGHT,b'swing0013',b'stance0007',b'swing0006',b'swing0016',b'stance0018',b'swing0017',b'stance0017',b'stance0014',,,,,,,,,,,,,,,,,
347,RIGHT,b'swing0013',b'stance0007',b'swing0006',b'swing0016',b'stance0018',b'swing0017',b'stance0017',b'stance0014',,,,,,,,,,,,,,,,,
348,RIGHT,b'swing0013',b'stance0007',b'stance0007',b'swing0016',b'stance0018',b'swing0017',b'stance0017',b'stance0014',,,,,,,,,,,,,,,,,
349,RIGHT,b'swing0013',b'stance0007',b'stance0007',b'swing0016',b'stance0018',b'swing0017',b'stance0017',b'stance0014',,,,,,,,,,,,,,,,,
350,RIGHT,b'swing0013',b'stance0007',b'stance0007',b'swing0016',b'stance0018',b'swing0017',b'stance0017',b'stance0014',,,,,,,,,,,,,,,,,
351,RIGHT,b'swing0013',b'stance0007',b'stance0007',b'swing0016',b'stance0018',b'swing0017',b'stance0017',b'stance0014',,,,,,,,,,,,,,,,,
352,RIGHT,b'swing0013',b'stance0007',b'stance0007',b'swing0016',b'stance0018',b'swing0017',b'stance0017',b'stance0014',,,,,,,,,,,,,,,,,
353,RIGHT,b'swing0013',b'stance0007',b'stance0007',b'swing0016',b'stance0018',b'swing0017',b'stance0017',b'stance0014',,,,,,,,,,,,,,,,,
354,RIGHT,b'swing0013',b'stance0007',b'stance0007',b'swing0016',b'stance0018',b'swing0017',b'stance0017',b'stance0014',,,,,,,,,,,,,,,,,
355,RIGHT,b'swing0013',b'stance0007',b'stance0007',b'swing0016',b'stance0018',b'swing0017',b'stance0017',b'stance0014',,,,,,,,,,,,,,,,,
356,RIGHT,b'swing0013',b'stance0007',b'stance0007',b'swing0016',b'stance0018',b'swing0017',b'stance0017',b'stance0014',,,,,,,,,,,,,,,,,
357,RIGHT,b'swing0013',b'stance0007',b'stance0007',b'stance0016',b'stance0018',b'swing0017',b'stance0017',b'stance0014',,,,,,,,,,,,,,,,,
358,RIGHT,b'swing0013',b'stance0007',b'stance0007',b'stance0016',b'stance0018',b'swing0017',b'swing0018',b'stance0014',,,,,,,,,,,,,,,,,
359,RIGHT,b'swing0013',b'stance0007',b'swing0007',b'stance0016',b'stance0018',b'stance0017',b'swing0018',b'stance0014',,,,,,,,,,,,,,,,,
360,RIGHT,b'swing0013',b'stance0007',b'stance0008',b'stance0016',b'stance0018',b'swing0018',b'swing0018',b'stance0014',,,,,,,,,,,,,,,,,
361,RIGHT,b'swing0013',b'stance0007',b'swing0008',b'stance0016',b'stance0018',b'swing0018',b'stance0018',b'swing0015',,,,,,,,,,,,,,,,,
362,RIGHT,b'swing0013',b'stance0007',b'swing0008',b'stance0016',b'stance0018',b'stance0018',b'swing0019',b'stance0015',,,,,,,,,,,,,,,,,
363,RIGHT,b'swing0013',b'stance0007',b'swing0008',b'stance0016',b'stance0018',b'swing0019',b'stance0019',b'stance0015',,,,,,,,,,,,,,,,,
364,RIGHT,b'swing0013',b'stance0007',b'swing0008',b'stance0016',b'stance0018',b'swing0019',b'swing0020',b'swing0016',,,,,,,,,,,,,,,,,
365,RIGHT,b'swing0013',b'stance0007',b'stance0009',b'stance0016',b'stance0018',b'swing0019',b'swing0020',b'swing0016',,,,,,,,,,,,,,,,,
366,RIGHT,b'swing0013',b'stance0007',b'swing0009',b'stance0016',b'stance0018',b'swing0019',b'swing0020',b'swing0016',,,,,,,,,,,,,,,,,
367,RIGHT,b'swing0013',b'stance0007',b'swing0009',b'stance0016',b'stance0018',b'swing0019',b'swing0020',b'swing0016',,,,,,,,,,,,,,,,,
368,RIGHT,b'swing0013',b'stance0007',b'swing0009',b'stance0016',b'stance0018',b'swing0019',b'swing0020',b'stance0016',,,,,,,,,,,,,,,,,
369,RIGHT,b'swing0013',b'stance0007',b'swing0009',b'swing0017',b'stance0018',b'swing0019',b'swing0020',b'stance0016',,,,,,,,,,,,,,,,,
370,RIGHT,b'swing0013',b'stance0007',b'stance0010',b'swing0017',b'stance0018',b'swing0019',b'swing0020',b'stance0016',,,,,,,,,,,,,,,,,
371,RIGHT,b'swing0013',b'stance0007',b'stance0010',b'swing0017',b'stance0018',b'swing0019',b'swing0020',b'stance0016',,,,,,,,,,,,,,,,,
372,RIGHT,b'stance0014',b'stance0007',b'stance0010',b'swing0017',b'stance0018',b'swing0019',b'swing0020',b'stance0016',,,,,,,,,,,,,,,,,
373,RIGHT,b'stance0014',b'stance0007',b'stance0010',b'swing0017',b'stance0018',b'swing0019',b'swing0020',b'stance0016',,,,,,,,,,,,,,,,,
374,RIGHT,b'swing0014',b'stance0007',b'stance0010',b'swing0017',b'stance0018',b'swing0019',b'swing0020',b'stance0016',,,,,,,,,,,,,,,,,
375,RIGHT,b'stance0015',b'stance0007',b'stance0010',b'swing0017',b'stance0018',b'swing0019',b'swing0020',b'stance0016',,,,,,,,,,,,,,,,,
376,RIGHT,b'stance0015',b'stance0007',b'stance0010',b'swing0017',b'stance0018',b'swing0019',b'swing0020',b'stance0016',,,,,,,,,,,,,,,,,
377,RIGHT,b'stance0015',b'stance0007',b'stance0010',b'swing0017',b'stance0018',b'swing0019',b'swing0020',b'stance0016',,,,,,,,,,,,,,,,,
378,RIGHT,b'stance0015',b'stance0007',b'stance0010',b'swing0017',b'stance0018',b'swing0019',b'swing0020',b'stance0016',,,,,,,,,,,,,,,,,
379,RIGHT,b'stance0015',b'stance0007',b'stance0010',b'swing0017',b'stance0018',b'swing0019',b'swing0020',b'stance0016',,,,,,,,,,,,,,,,,
380,RIGHT,b'stance0015',b'swing0008',b'stance0010',b'swing0017',b'swing0018',b'swing0019',b'swing0020',b'stance0016',,,,,,,,,,,,,,,,,
381,RIGHT,b'stance0015',b'swing0008',b'stance0010',b'swing0017',b'swing0018',b'swing0019',b'swing0020',b'stance0016',,,,,,,,,,,,,,,,,
382,RIGHT,b'stance0015',b'swing0008',b'stance0010',b'swing0017',b'swing0018',b'stance0019',b'swing0020',b'swing0017',,,,,,,,,,,,,,,,,
383,RIGHT,b'stance0015',b'swing0008',b'stance0010',b'swing0017',b'swing0018',b'swing0020',b'swing0020',b'stance0017',,,,,,,,,,,,,,,,,
384,RIGHT,b'stance0015',b'stance0008',b'stance0010',b'swing0017',b'swing0018',b'swing0020',b'swing0020',b'stance0017',,,,,,,,,,,,,,,,,
385,RIGHT,b'stance0015',b'stance0008',b'swing0010',b'swing0017',b'swing0018',b'swing0020',b'swing0020',b'stance0017',,,,,,,,,,,,,,,,,
386,RIGHT,b'stance0015',b'nan',b'nan',b'swing0017',b'swing0018',b'swing0020',b'swing0020',b'stance0017',,,,,,,,,,,,,,,,,
387,RIGHT,b'stance0015',b'nan',b'nan',b'swing0017',b'swing0018',b'swing0020',b'swing0020',b'stance0017',,,,,,,,,,,,,,,,,
388,RIGHT,b'stance0015',b'nan',b'nan',b'swing0017',b'swing0018',b'swing0020',b'swing0020',b'stance0017',,,,,,,,,,,,,,,,,
389,RIGHT,b'stance0015',b'nan',b'nan',b'swing0017',b'swing0018',b'stance0020',b'swing0020',b'stance0017',,,,,,,,,,,,,,,,,
390,RIGHT,b'stance0015',b'nan',b'nan',b'swing0017',b'swing0018',b'swing0021',b'swing0020',b'stance0017',,,,,,,,,,,,,,,,,
391,RIGHT,b'stance0015',b'nan',b'nan',b'stance0017',b'swing0018',b'swing0021',b'swing0020',b'stance0017',,,,,,,,,,,,,,,,,
392,RIGHT,b'stance0015',b'nan',b'nan',b'stance0017',b'swing0018',b'swing0021',b'swing0020',b'swing0018',,,,,,,,,,,,,,,,,
393,RIGHT,b'swing0015',b'nan',b'nan',b'swing0018',b'stance0019',b'swing0021',b'swing0020',b'swing0018',,,,,,,,,,,,,,,,,
394,RIGHT,b'stance0016',b'nan',b'nan',b'swing0018',b'swing0019',b'swing0021',b'swing0020',b'stance0018',,,,,,,,,,,,,,,,,
395,RIGHT,b'swing0016',b'nan',b'nan',b'swing0018',b'swing0019',b'swing0021',b'swing0020',b'stance0018',,,,,,,,,,,,,,,,,
396,RIGHT,b'stance0017',b'nan',b'nan',b'stance0018',b'swing0019',b'swing0021',b'swing0020',b'stance0018',,,,,,,,,,,,,,,,,
397,RIGHT,b'stance0017',b'nan',b'nan',b'stance0018',b'swing0019',b'stance0021',b'swing0020',b'stance0018',,,,,,,,,,,,,,,,,
398,RIGHT,b'stance0017',b'nan',b'nan',b'swing0019',b'swing0019',b'swing0022',b'swing0020',b'stance0018',,,,,,,,,,,,,,,,,
399,RIGHT,b'stance0017',b'nan',b'nan',b'stance0019',b'swing0019',b'stance0022',b'swing0020',b'stance0018',,,,,,,,,,,,,,,,,
400,RIGHT,b'stance0017',b'nan',b'nan',b'swing0020',b'swing0019',b'stance0022',b'swing0020',b'stance0018',,,,,,,,,,,,,,,,,
401,RIGHT,b'stance0017',b'nan',b'nan',b'stance0020',b'swing0019',b'stance0022',b'swing0020',b'stance0018',,,,,,,,,,,,,,,,,
402,RIGHT,b'stance0017',b'nan',b'nan',b'stance0020',b'swing0019',b'stance0022',b'swing0020',b'stance0018',,,,,,,,,,,,,,,,,
403,RIGHT,b'stance0017',b'nan',b'nan',b'stance0020',b'swing0019',b'swing0023',b'swing0020',b'stance0018',,,,,,,,,,,,,,,,,
404,RIGHT,b'stance0017',b'nan',b'nan',b'stance0020',b'swing0019',b'swing0023',b'swing0020',b'stance0018',,,,,,,,,,,,,,,,,
405,RIGHT,b'swing0017',b'nan',b'nan',b'stance0020',b'swing0019',b'swing0023',b'swing0020',b'swing0019',,,,,,,,,,,,,,,,,
406,RIGHT,b'swing0017',b'nan',b'nan',b'stance0020',b'stance0020',b'swing0023',b'stance0020',b'swing0019',,,,,,,,,,,,,,,,,
407,RIGHT,b'swing0017',b'nan',b'nan',b'stance0020',b'stance0020',b'swing0023',b'stance0020',b'swing0019',,,,,,,,,,,,,,,,,
408,RIGHT,b'swing0017',b'nan',b'nan',b'stance0020',b'stance0020',b'swing0023',b'nan',b'swing0019',,,,,,,,,,,,,,,,,
409,RIGHT,b'swing0017',b'nan',b'nan',b'nan',b'nan',b'nan',b'nan',b'swing0019',,,,,,,,,,,,,,,,,
410,RIGHT,b'nan',b'nan',b'nan',b'nan',b'nan',b'nan',b'nan',b'nan',,,,,,,,,,,,,,,,,
411,RIGHT,b'nan',b'nan',b'nan',b'nan',b'nan',b'nan',b'nan',b'nan',,,,,,,,,,,,,,,,,
412,RIGHT,b'nan',b'nan',b'nan',b'nan',b'nan',b'nan',b'nan',b'nan',,,,,,,,,,,,,,,,,
413,RIGHT,b'nan',b'nan',b'nan',b'nan',b'nan',b'nan',b'nan',b'nan',,,,,,,,,,,,,,,,,
